MEMNAME,APPLICATION,GROUP_NAME,MESSAGE,HANDLED,JOB_NAME,SEVERITY,ORDER_ID,USER_ID,NODE_ID,HOST_TIME,CHANGED_BY,UPD_TIME,NOTES,DATA_CENTER,SERIAL,TYPE,CLOSED_FROM_EM,TICKET_NUMBER,RUN_COUNTER,REMEDY_PROFILE
 ,03E2.EDW-기간계ETT,EC1.업무_고객기본,Ended not OK,0,cbc20b.ett,V,28cl3,edwetl,hqit-etl03,2020/08/05 01:12:33,,,,pctmla01,4000,R,,,1,
 ,03E2.EDW-기간계ETT,EN2.감사_감독원상시,Ended not OK,0,nii02b.ett,V,28w9v,edwetl,hqit-etl03,2020/08/07 01:02:42,,,,pctmla01,4021,R,,,1,
 ,10C1.RDF,RD2.TO-BE_Daily,Ended not OK,0,RRZ0200D_S01,V,29hgz,rmsetl,hqit-etl03,2020/08/09 02:00:20,,,,pctmla01,4040,R,,,1,
 ,03E4.EDW-정보계ETT,EV3.잔고이력생성,Ended not OK,0,soc01h.ett,V,29wuy,edwetl,hqit-etl03,2020/08/10 01:00:14,,,,pctmla01,4044,R,,,1,
 ,03E2.EDW-기간계ETT,ER6.제권리,Ended not OK,0,srr24b.ett,V,29wjj,edwetl,hqit-etl03,2020/08/10 01:08:52,,,,pctmla01,4047,R,,,1,
 ,03E2.EDW-기간계ETT,EF1.재무회계,Ended not OK,0,afb03b.ett,V,29rlg,edwetl,hqit-etl03,2020/08/10 01:20:07,,,,pctmla01,4049,R,,,1,
 ,10C1.RDF,RD2.TO-BE_Daily,Ended not OK,0,RRZ0200D_S01,V,29t16,rmsetl,hqit-etl03,2020/08/10 02:00:18,,,,pctmla01,4050,R,,,1,
 ,01A1.기간계-장마감,SP53.자동주문및보수,Ended not OK,0,SPBD1120_S01,V,2a872,hdpfm,pcua02,2020/08/10 17:05:19,,,,pctmla01,4059,R,,,1,
SPRD0005.sh,01F1.기간계-장시작전,SP1.재매매및일괄매도,Ended not OK,0,SPRD0005_S01,V,2ayb8,hdpfm,pcua02,2020/08/13 08:39:53,,,,pctmla01,4103,R,,,1,
IEBD4005.sh,01G1.기간계-장중,IE1.해외자산상품처리,Ended not OK,0,IEBD4005_S01,V,2azty,hdpfm,pcua01,2020/08/13 09:30:12,,,,pctmla01,4104,R,,,1,
SPBM0148.sh,01A1.기간계-장마감,SP54.펀드자료생성,Ended not OK,0,SPBM0148_S01,V,26dfj,hdpfm,pcua02,2020/07/29 17:36:26,,,,pctmla01,3931,R,,,1,
 ,03E2.EDW-기간계ETT,ER2.입출금_대외연계,Ended not OK,0,seb12b.ett,V,26k2u,edwetl,hqit-etl03,2020/07/31 01:15:20,,,,pctmla01,3949,R,,,1,
 ,01F1.기간계-장시작전,SI1.기준가생성,Ended not OK,0,SIBD0041_S03,V,26r1k,hdpfm,pcua01,2020/07/31 08:00:03,,,,pctmla01,3951,R,,,1,
SOBD1655.sh,01B1.기간계-시간외,SO2.잔고증명서발급,Ended not OK,0,SOBD1655_S01,V,26xq5,hdpfm,pcua01,2020/07/31 19:00:18,,,,pctmla01,3955,R,,,1,
SOBD1655.sh,01B1.기간계-시간외,SO2.잔고증명서발급,Ended not OK,0,SOBD1655_S01,V,26xq5,hdpfm,pcua01,2020/07/31 19:18:22,,,,pctmla01,3956,R,,,2,
SOBD1655.sh,01B1.기간계-시간외,SO2.잔고증명서발급,Ended not OK,0,SOBD1655_S01,V,26xq5,hdpfm,pcua01,2020/07/31 20:16:05,,,,pctmla01,3957,R,,,3,
 ,03E2.EDW-기간계ETT,EC1.업무_고객기본,Ended not OK,0,cbs11b.ett,V,272f5,edwetl,hqit-etl03,2020/08/01 01:09:28,,,,pctmla01,3962,R,,,1,
 ,03E2.EDW-기간계ETT,ES3.매매_파생상품,Ended not OK,0,sfd66b.ett,V,26vuq,edwetl,hqit-etl03,2020/08/01 01:09:40,,,,pctmla01,3963,R,,,1,
 ,03E2.EDW-기간계ETT,EC1.업무_고객기본,Ended not OK,0,cbs08b.ett,V,27dw8,edwetl,hqit-etl03,2020/08/02 01:09:03,,,,pctmla01,3968,R,,,1,
 ,10C1.RDF,RD2.TO-BE_Daily,Ended not OK,0,RRZ0200D_S01,V,278jw,rmsetl,hqit-etl03,2020/08/02 02:00:20,,,,pctmla01,3970,R,,,1,
 ,03E2.EDW-기간계ETT,EZ1.조건_코드,Ended not OK,0,szz13b.ett,V,281yj,edwetl,hqit-etl03,2020/08/04 01:19:11,,,,pctmla01,3988,R,,,1,
srb04b.ett,03E2.EDW-기간계ETT,ER6.제권리,Ended not OK,0,srb04b.ett,V,28ap7,edwetl,hqit-etl03,2020/08/05 01:06:30,,,,pctmla01,3998,R,,,1,
 ,03E2.EDW-기간계ETT,EI1.자기매매ETT,Ended not OK,0,ibb02b.ett,V,28hh2,edwetl,hqit-etl03,2020/08/06 01:16:11,,,,pctmla01,4011,R,,,1,
IOBD0005.sh,02G1.정보계-장중,IO1.OTC_BO익일평가,Ended not OK,0,IOBD0005_S02,V,28qtm,hdpfm,piua01,2020/08/06 09:50:49,,,,pctmla01,4015,R,,,1,
 ,03E2.EDW-기간계ETT,EN2.감사_감독원상시,Ended not OK,0,nii29b.ett,V,28w9p,edwetl,hqit-etl03,2020/08/07 01:03:24,,,,pctmla01,4022,R,,,1,
IOBD0009.sh,02B1.정보계-시간외,IO2.OTC_시간외,Ended not OK,0,IOBD0009_S01,V,29ag9,hdpfm,piua01,2020/08/07 19:01:16,,,,pctmla01,4027,R,,,1,
 ,03E2.EDW-기간계ETT,EI1.자기매매ETT,Ended not OK,0,iss02b.ett,V,294le,edwetl,hqit-etl03,2020/08/08 01:15:33,,,,pctmla01,4033,R,,,1,
ALBD0002.sh,01F1.기간계-장시작전,AL1.회계관리원장,Ended not OK,0,ALBD0002_S01,V,29432,hdpfm,pcua02,2020/08/10 09:18:41,,,,pctmla01,4051,R,,,1,
 ,01A1.기간계-장마감,SP53.자동주문및보수,Ended not OK,0,SPBD1120_S07,V,2a86w,hdpfm,pcua01,2020/08/10 17:05:16,,,,pctmla01,4058,R,,,1,
 ,01A1.기간계-장마감,SP53.자동주문및보수,Ended not OK,0,SPBD1120_S09,V,2a86u,hdpfm,pcua02,2020/08/10 17:05:24,,,,pctmla01,4061,R,,,1,
 ,01A1.기간계-장마감,SP53.자동주문및보수,Ended not OK,0,SPBD1120_S05,V,2a86g,hdpfm,pcua02,2020/08/10 17:05:45,,,,pctmla01,4064,R,,,1,
 ,01A1.기간계-장마감,SP53.자동주문및보수,Ended not OK,0,SPBD1120_S03,V,2a86s,hdpfm,pcua02,2020/08/10 17:05:46,,,,pctmla01,4065,R,,,1,
 ,01A1.기간계-장마감,SP53.자동주문및보수,Ended not OK,0,SPBD1120_S11,V,2a86y,hdpfm,pcua01,2020/08/10 17:05:48,,,,pctmla01,4066,R,,,1,
 ,01A1.기간계-장마감,SP53.자동주문및보수,Ended not OK,0,SPBD1120_S08,V,2a86o,hdpfm,pcua01,2020/08/10 17:05:54,,,,pctmla01,4067,R,,,1,
 ,03E2.EDW-기간계ETT,EN2.감사_감독원상시,Ended not OK,0,nii12b.ett,V,2a6ji,edwetl,hqit-etl03,2020/08/11 01:02:48,,,,pctmla01,4072,R,,,1,
 ,03E2.EDW-기간계ETT,ES2.매매_비접속_장외,Ended not OK,0,spe03b.ett,V,2ac55,edwetl,hqit-etl03,2020/08/11 01:07:19,,,,pctmla01,4075,R,,,1,
 ,03F1.EDW-장시작전,CM1.CMP-마스터,Ended not OK,0,kap09b0.btq,V,2a7xp,mapuser,pela01,2020/08/11 06:03:41,,,,pctmla01,4078,R,,,1,
 ,03E2.EDW-기간계ETT,ER6.제권리,Ended not OK,0,srr08b.ett,V,2av6u,edwetl,hqit-etl03,2020/08/13 01:06:32,,,,pctmla01,4101,R,,,1,
 ,03E2.EDW-기간계ETT,ER6.제권리,Ended not OK,0,srp14b.ett,V,2av81,edwetl,hqit-etl03,2020/08/13 01:07:48,,,,pctmla01,4102,R,,,1,
 ,01G1.기간계-장중,SE2.SCC매입처리,Ended not OK,0,SEBD5409_S01,V,2awmw,hdpfm,pcua01,2020/08/13 11:10:03,,,,pctmla01,4105,R,,,1,
cbc70b.ett,03E2.EDW-기간계ETT,EC1.업무_고객기본,Ended not OK,0,cbc70b.ett,V,27pij,edwetl,hqit-etl03,2020/08/03 01:15:13,,,,pctmla01,3978,R,,,1,
 ,10C1.RDF,RD2.TO-BE_Daily,Ended not OK,0,RRZ0200D_S01,V,27k44,rmsetl,hqit-etl03,2020/08/03 02:00:19,,,,pctmla01,3980,R,,,1,
 ,03E2.EDW-기간계ETT,EC1.업무_고객기본,Ended not OK,0,cbc75b.ett,V,27dxx,edwetl,hqit-etl03,2020/08/02 01:16:38,,,,pctmla01,3969,R,,,1,
ALBD0002.sh,01F1.기간계-장시작전,AL1.회계관리원장,Ended not OK,0,ALBD0002_S01,V,276pn,hdpfm,pcua01,2020/08/02 06:10:04,,,,pctmla01,3971,R,,,1,
 ,03E2.EDW-기간계ETT,ES2.매매_비접속_장외,Ended not OK,0,spn76b.ett,V,27rqi,edwetl,hqit-etl03,2020/08/03 01:05:33,,,,pctmla01,3975,R,,,1,
 ,03E2.EDW-기간계ETT,EC1.업무_고객기본,Ended not OK,0,cbc31b.ett,V,27pfz,edwetl,hqit-etl03,2020/08/03 01:09:09,,,,pctmla01,3976,R,,,1,
 ,03E2.EDW-기간계ETT,EC1.업무_고객기본,Ended not OK,0,cbe11b.ett,V,27pgu,edwetl,hqit-etl03,2020/08/03 01:09:45,,,,pctmla01,3977,R,,,1,
 ,03E2.EDW-기간계ETT,ER3.입출고,Ended not OK,0,soo13b.ett,V,27rj0,edwetl,hqit-etl03,2020/08/03 01:16:42,,,,pctmla01,3979,R,,,1,
spo45b.ett,03E2.EDW-기간계ETT,ES2.매매_비접속_장외,Ended not OK,0,spo45b.ett,V,283b0,edwetl,hqit-etl03,2020/08/04 01:08:59,,,,pctmla01,3987,R,,,1,
IEBD4005.sh,01G1.기간계-장중,IE1.해외자산상품처리,Ended not OK,0,IEBD4005_S01,V,283vn,hdpfm,pcua02,2020/08/04 09:30:11,,,,pctmla01,3989,R,,,1,
IEBD4005.sh,01G1.기간계-장중,IE1.해외자산상품처리,Ended not OK,0,IEBD4005_S01,V,283vn,hdpfm,pcua01,2020/08/04 09:40:08,,,,pctmla01,3990,R,,,2,
 ,03E2.EDW-기간계ETT,ER6.제권리,Ended not OK,0,srp32b.ett,V,28aq9,edwetl,hqit-etl03,2020/08/05 01:09:10,,,,pctmla01,3999,R,,,1,
 ,16F1.해외선물정산,ST05.손익증거금산정,Ended not OK,0,STBD0002_S01,V,2886g,hdpfm,pcua01,2020/08/05 09:01:41,,,,pctmla01,4001,R,,,1,
SPBD0281.sh,01A1.기간계-장마감,SP3.기타매매일괄매수,Ended not OK,0,SPBD0281_S01,V,2abdd,hdpfm,pcua02,2020/08/10 16:42:44,,,,pctmla01,4056,R,,,3,
 ,01A1.기간계-장마감,SP53.자동주문및보수,Ended not OK,0,SPBD1120_S02,V,2a86n,hdpfm,pcua01,2020/08/10 17:05:09,,,,pctmla01,4057,R,,,1,
 ,01A1.기간계-장마감,SR2.제권리배정,Ended not OK,0,SRBD0037_S02,V,2bbbc,hdpfm,pcua01,2020/08/13 16:06:35,,,,pctmla01,4108,R,,,1,
SPBM0148.sh,01A1.기간계-장마감,SP54.펀드자료생성,Ended not OK,0,SPBM0148_S08,V,26dfy,hdpfm,pcua01,2020/07/29 17:37:50,,,,pctmla01,3932,R,,,1,
soc55h.ett,03E4.EDW-정보계ETT,EV3.잔고이력생성,Ended not OK,0,soc55h.ett,V,26dr1,edwetl,hqit-etl03,2020/07/30 01:12:47,,,,pctmla01,3937,R,,,1,
each_run_4CNTR_M.sh,02F1.정보계-장시작전,NS1.대외보고배치,Ended not OK,0,INSTD_RSPNSBT_LIST_09,V,26css,ereport,hdaml,2020/07/30 07:31:09,,,,pctmla01,3938,R,,,1,
IOBD0005.sh,02G1.정보계-장중,IO1.OTC_BO익일평가,Ended not OK,0,IOBD0005_S02,V,26hyz,hdpfm,piua01,2020/07/30 09:51:06,,,,pctmla01,3939,R,,,1,
 ,03E2.EDW-기간계ETT,ES4.매매_여신거래,Ended not OK,0,sll62b.ett,V,26kam,edwetl,hqit-etl03,2020/07/31 01:13:04,,,,pctmla01,3948,R,,,1,
 ,03E2.EDW-기간계ETT,EZ1.조건_코드,Ended not OK,0,szz53b.ett,V,26rsr,edwetl,hqit-etl03,2020/07/31 01:20:48,,,,pctmla01,3950,R,,,1,
IPBD6020.sh,01F1.기간계-장시작전,IP01.상품PI,Ended not OK,0,IPBD6020_S02,V,26kms,hdpfm,pcua02,2020/07/31 08:30:15,,,,pctmla01,3952,R,,,1,
 ,03E2.EDW-기간계ETT,EF1.재무회계,Ended not OK,0,afr13b.ett,V,26vjo,edwetl,hqit-etl03,2020/08/01 01:13:29,,,,pctmla01,3964,R,,,1,
 ,03E4.EDW-정보계ETT,EV3.잔고이력생성,Ended not OK,0,soc04h.ett,V,28mmu,edwetl,hqit-etl03,2020/08/06 01:05:31,,,,pctmla01,4008,R,,,1,
 ,03E2.EDW-기간계ETT,EC1.업무_고객기본,Ended not OK,0,cbc28b.ett,V,28o5m,edwetl,hqit-etl03,2020/08/06 01:08:20,,,,pctmla01,4009,R,,,1,
 ,03E4.EDW-정보계ETT,EV3.잔고이력생성,Ended not OK,0,soc21h.ett,V,28mmk,edwetl,hqit-etl03,2020/08/06 01:12:38,,,,pctmla01,4010,R,,,1,
 ,03E4.EDW-정보계ETT,EV5.자산평가집계,Ended not OK,0,wra31b.ett,V,28hpy,edwetl,hqit-etl03,2020/08/06 01:22:47,,,,pctmla01,4012,R,,,1,
ADBM0022.sh,02F1.정보계-장시작전,AD1.난외계정,Ended not OK,0,ADBM0022_S01,V,28meo,hdpfm,piua02,2020/08/06 07:00:10,,,,pctmla01,4013,R,,,1,
ADBM0022.sh,02F1.정보계-장시작전,AD1.난외계정,Ended not OK,0,ADBM0022_S01,V,28meo,hdpfm,piua02,2020/08/06 08:01:51,,,,pctmla01,4014,R,,,2,
 ,03E2.EDW-기간계ETT,EA1.대고객_계좌,Ended not OK,0,saa59b.ett,V,28yo5,edwetl,hqit-etl03,2020/08/07 01:00:43,,,,pctmla01,4019,R,,,1,
 ,03E4.EDW-정보계ETT,EG1.시장금리정보생성,Ended not OK,0,ggz08b.ett,V,28w71,edwetl,hqit-etl03,2020/08/07 01:02:03,,,,pctmla01,4020,R,,,1,
 ,03E2.EDW-기간계ETT,ER2.입출금_대외연계,Ended not OK,0,seb35b.ett,V,28t0u,edwetl,hqit-etl03,2020/08/07 01:17:42,,,,pctmla01,4023,R,,,1,
SPBM0148.sh,01A1.기간계-장마감,SP54.펀드자료생성,Ended not OK,0,SPBM0148_S10,V,299gt,hdpfm,pcua01,2020/08/07 17:28:54,,,,pctmla01,4026,R,,,1,
srb40b.ett,03E2.EDW-기간계ETT,ER6.제권리,Ended not OK,0,srb40b.ett,V,299fw,edwetl,hqit-etl03,2020/08/08 01:10:37,,,,pctmla01,4032,R,,,1,
ALBD0003.sh,01F1.기간계-장시작전,AL1.회계관리원장,Ended not OK,0,ALBD0003_S01,V,29433,hdpfm,pcua02,2020/08/08 06:00:01,,,,pctmla01,4034,R,,,1,
IZBD5940.sh,01F1.기간계-장시작전,IZ01.상품공통,Ended not OK,0,IZBD5940_S01,V,299m6,hdpfm,pcua02,2020/08/08 07:00:01,,,,pctmla01,4035,R,,,1,
each_run_4CNTR_M.sh,02F1.정보계-장시작전,NS1.대외보고배치,Ended not OK,0,INSTD_RSPNSBT_LIST_09,V,298tj,ereport,hdaml,2020/08/08 07:31:10,,,,pctmla01,4036,R,,,1,
 ,03E4.EDW-정보계ETT,EC3.고객공통접촉,Ended not OK,0,cca12b.ett,V,29ofe,edwetl,hqit-etl03,2020/08/09 01:08:27,,,,pctmla01,4039,R,,,1,
ydm01b.ett,03F1.EDW-장시작전,DY1.ablePoint,Ended not OK,0,ydm01b.ett,V,2a07q,edwetl,hqit-etl03,2020/08/10 01:03:29,,,,pctmla01,4045,R,,,1,
 ,03E2.EDW-기간계ETT,ES3.매매_파생상품,Ended not OK,0,sfd05b.ett,V,29ruw,edwetl,hqit-etl03,2020/08/10 01:07:25,,,,pctmla01,4046,R,,,1,
sfu05b.ett,03E2.EDW-기간계ETT,ES3.매매_파생상품,Ended not OK,0,sfu05b.ett,V,29ryg,edwetl,hqit-etl03,2020/08/10 01:09:22,,,,pctmla01,4048,R,,,1,
SPBD0281.sh,01A1.기간계-장마감,SP3.기타매매일괄매수,Ended not OK,0,SPBD0281_S01,V,2abdd,hdpfm,pcua01,2020/08/10 16:33:05,,,,pctmla01,4054,R,,,1,
SPBD0281.sh,01A1.기간계-장마감,SP3.기타매매일괄매수,Ended not OK,0,SPBD0281_S01,V,2abdd,hdpfm,pcua01,2020/08/10 16:37:02,,,,pctmla01,4055,R,,,2,
 ,01A1.기간계-장마감,SP53.자동주문및보수,Ended not OK,0,SPBD1120_S06,V,2a86j,hdpfm,pcua02,2020/08/10 17:05:30,,,,pctmla01,4062,R,,,1,
 ,01A1.기간계-장마감,SP53.자동주문및보수,Ended not OK,0,SPBD1120_S04,V,2a86h,hdpfm,pcua01,2020/08/10 17:05:37,,,,pctmla01,4063,R,,,1,
 ,03E2.EDW-기간계ETT,EA1.대고객_계좌,Ended not OK,0,sas61b.ett,V,2a8yw,edwetl,hqit-etl03,2020/08/11 01:04:01,,,,pctmla01,4073,R,,,1,
 ,03E2.EDW-기간계ETT,EA1.대고객_계좌,Ended not OK,0,saa20b.ett,V,2a8y1,edwetl,hqit-etl03,2020/08/11 01:04:11,,,,pctmla01,4074,R,,,1,
 ,03E2.EDW-기간계ETT,ES3.매매_파생상품,Ended not OK,0,sfd84b.ett,V,2a3h7,edwetl,hqit-etl03,2020/08/11 01:16:01,,,,pctmla01,4076,R,,,1,
 ,03F1.EDW-장시작전,CM1.CMP-마스터,Ended not OK,0,kap11b0.btq,V,2a7z7,mapuser,pela01,2020/08/11 06:03:39,,,,pctmla01,4077,R,,,1,
 ,03E4.EDW-정보계ETT,EC2.고객분석,Ended not OK,0,cab03b.ett,V,2aeor,edwetl,hqit-etl03,2020/08/12 01:03:54,,,,pctmla01,4089,R,,,1,
 ,01A1.기간계-장마감,SP53.자동주문및보수,Ended not OK,0,SPBD1120_S10,V,2a86l,hdpfm,pcua02,2020/08/10 17:05:23,,,,pctmla01,4060,R,,,1,
 ,03E2.EDW-기간계ETT,EC1.업무_고객기본,Ended not OK,0,cbe11b.ett,V,2alia,edwetl,hqit-etl03,2020/08/12 01:08:54,,,,pctmla01,4090,R,,,1,
 ,03E2.EDW-기간계ETT,ES4.매매_여신거래,Ended not OK,0,sll91b.ett,V,2af0b,edwetl,hqit-etl03,2020/08/12 01:16:59,,,,pctmla01,4091,R,,,1,
 ,03E2.EDW-기간계ETT,EZ1.조건_코드,Ended not OK,0,szz64b.ett,V,2amgt,edwetl,hqit-etl03,2020/08/12 01:24:25,,,,pctmla01,4092,R,,,1,
swr90b.ett,03E2.EDW-기간계ETT,ER1.입출금,Ended not OK,0,swr90b.ett,V,2avq3,edwetl,hqit-etl03,2020/08/13 01:02:34,,,,pctmla01,4100,R,,,1,
 , , ,ONE OR MORE JOBS IN DAILY HDSCTM WERE NOT ORDERED,0,,V,00000,,,2020/08/06 14:06:49,,,,pctmla01,4017,R,,,0,
SPBD0275.sh,01B1.기간계-시간외,SP1.해외주식주문결제,SPBD0275_S01이 종료 임계치를 초과 했습니다.,0,SPBD0275_S01,V,28yb4,hdpfm,pcua02,2020/08/06 22:00:00,,,,pctmla01,4018,R,,,1,
 , , ,ONE OR MORE JOBS WILL NOT BE ORDERED DURING UPCOMING SYSTEM DAILY,0,,V,00000,,,2020/08/07 13:00:09,,,,pctmla01,4024,R,,,0,
 , , ,ONE OR MORE JOBS IN DAILY HDSCTM WERE NOT ORDERED,0,,V,00000,,,2020/08/07 14:06:59,,,,pctmla01,4025,R,,,0,
SPBD0275.sh,01B1.기간계-시간외,SP1.해외주식주문결제,SPBD0275_S01이 종료 임계치를 초과 했습니다.,0,SPBD0275_S01,V,299vb,hdpfm,pcua02,2020/08/07 22:00:00,,,,pctmla01,4028,R,,,1,
SPBD0201.sh,01C1.기간계-업무마감,SP1.CMA재투자,SPBD0201_S03이 시작 임계치를 초과 했습니다.,0,SPBD0201_S03,V,298o5,hdpfm,PCUA,2020/08/07 22:15:00,,,,pctmla01,4029,R,,,0,
SPBD0275.sh,01C1.기간계-업무마감,SP1.CMA재투자,SPBD0275_S02이 시작 임계치를 초과 했습니다.,0,SPBD0275_S02,V,298o7,hdpfm,PCUA,2020/08/07 22:15:00,,,,pctmla01,4030,R,,,0,
SPBD0271.sh,01C1.기간계-업무마감,SP1.CMA재투자,SPBD0271_S02이 시작 임계치를 초과 했습니다.,0,SPBD0271_S02,V,298o6,hdpfm,PCUA,2020/08/07 22:15:00,,,,pctmla01,4031,R,,,0,
 , , ,ONE OR MORE JOBS WILL NOT BE ORDERED DURING UPCOMING SYSTEM DAILY,0,,V,00000,,,2020/08/08 13:00:09,,,,pctmla01,4037,R,,,0,
 , , ,ONE OR MORE JOBS IN DAILY HDSCTM WERE NOT ORDERED,0,,V,00000,,,2020/08/08 14:05:39,,,,pctmla01,4038,R,,,0,
dummy,03F1.EDW-장시작전,NV2.대시보드,03F1_NV2_DE이 종료 임계치를 초과 했습니다.,0,03F1_NV2_DE,V,29mbo,ctmagt9,PELA01,2020/08/09 10:00:00,,,,pctmla01,4041,R,,,0,
 , , ,ONE OR MORE JOBS WILL NOT BE ORDERED DURING UPCOMING SYSTEM DAILY,0,,V,00000,,,2020/08/09 13:00:09,,,,pctmla01,4042,R,,,0,
 , , ,ONE OR MORE JOBS IN DAILY HDSCTM WERE NOT ORDERED,0,,V,00000,,,2020/08/09 14:05:39,,,,pctmla01,4043,R,,,0,
 , , ,ONE OR MORE JOBS WILL NOT BE ORDERED DURING UPCOMING SYSTEM DAILY,0,,V,00000,,,2020/08/10 13:00:09,,,,pctmla01,4052,R,,,0,
 , , ,ONE OR MORE JOBS IN DAILY HDSCTM WERE NOT ORDERED,0,,V,00000,,,2020/08/10 14:06:59,,,,pctmla01,4053,R,,,0,
SPBD0275.sh,01B1.기간계-시간외,SP1.해외주식주문결제,SPBD0275_S01이 종료 임계치를 초과 했습니다.,0,SPBD0275_S01,V,2a8jk,hdpfm,pcua02,2020/08/10 22:00:00,,,,pctmla01,4068,R,,,1,
 ,01A1.기간계-장마감,SS1.장내채권체결대사,SSBD0003_S01이 종료 임계치를 초과 했습니다.,0,SSBD0003_S01,V,2auh8,hdpfm,pcua01,2020/08/12 16:00:02,,,,pctmla01,4095,R,,,1,
SPBD0275.sh,01B1.기간계-시간외,SP1.해외주식주문결제,SPBD0275_S01이 종료 임계치를 초과 했습니다.,0,SPBD0275_S01,V,2avny,hdpfm,pcua01,2020/08/12 22:00:01,,,,pctmla01,4096,R,,,1,
SPBD0275.sh,01C1.기간계-업무마감,SP1.CMA재투자,SPBD0275_S02이 시작 임계치를 초과 했습니다.,0,SPBD0275_S02,V,2augu,hdpfm,PCUA,2020/08/12 22:15:00,,,,pctmla01,4097,R,,,0,
SPBD0271.sh,01C1.기간계-업무마감,SP1.CMA재투자,SPBD0271_S02이 시작 임계치를 초과 했습니다.,0,SPBD0271_S02,V,2augt,hdpfm,PCUA,2020/08/12 22:15:00,,,,pctmla01,4098,R,,,0,
SPBD0201.sh,01C1.기간계-업무마감,SP1.CMA재투자,SPBD0201_S03이 시작 임계치를 초과 했습니다.,0,SPBD0201_S03,V,2augs,hdpfm,PCUA,2020/08/12 22:15:00,,,,pctmla01,4099,R,,,0,
 , , ,ONE OR MORE JOBS WILL NOT BE ORDERED DURING UPCOMING SYSTEM DAILY,0,,V,00000,,,2020/08/13 13:00:09,,,,pctmla01,4106,R,,,0,
 , , ,ONE OR MORE JOBS IN DAILY HDSCTM WERE NOT ORDERED,0,,V,00000,,,2020/08/13 14:07:09,,,,pctmla01,4107,R,,,0,
SPBD0275.sh,01B1.기간계-시간외,SP1.해외주식주문결제,SPBD0275_S01이 종료 임계치를 초과 했습니다.,0,SPBD0275_S01,V,26dup,hdpfm,pcua02,2020/07/29 22:00:01,,,,pctmla01,3933,R,,,1,
SPBD0275.sh,01C1.기간계-업무마감,SP1.CMA재투자,SPBD0275_S02이 시작 임계치를 초과 했습니다.,0,SPBD0275_S02,V,26cng,hdpfm,PCUA,2020/07/29 22:15:00,,,,pctmla01,3934,R,,,0,
SPBD0271.sh,01C1.기간계-업무마감,SP1.CMA재투자,SPBD0271_S02이 시작 임계치를 초과 했습니다.,0,SPBD0271_S02,V,26cnf,hdpfm,PCUA,2020/07/29 22:15:00,,,,pctmla01,3935,R,,,0,
SPBD0201.sh,01C1.기간계-업무마감,SP1.CMA재투자,SPBD0201_S03이 시작 임계치를 초과 했습니다.,0,SPBD0201_S03,V,26cne,hdpfm,PCUA,2020/07/29 22:15:00,,,,pctmla01,3936,R,,,0,
IOBD0004.sh,02G1.정보계-장중,IO1.OTC_BO익일평가,LATE_SUB,0,IOBD0004_S02,U,26hz3,hdpfm,PIUA_01,2020/07/30 10:05:00,,,,pctmla01,3940,R,,,0,
 , , ,ONE OR MORE JOBS WILL NOT BE ORDERED DURING UPCOMING SYSTEM DAILY,0,,V,00000,,,2020/07/30 13:00:09,,,,pctmla01,3941,R,,,0,
 , , ,ONE OR MORE JOBS IN DAILY HDSCTM WERE NOT ORDERED,0,,V,00000,,,2020/07/30 14:06:39,,,,pctmla01,3942,R,,,0,
 ,01A1.기간계-장마감,SS1.장내채권체결대사,SSBD0003_S01이 종료 임계치를 초과 했습니다.,0,SSBD0003_S01,V,26o7x,hdpfm,pcua01,2020/07/30 16:00:01,,,,pctmla01,3943,R,,,1,
SPBD0275.sh,01B1.기간계-시간외,SP1.해외주식주문결제,SPBD0275_S01이 종료 임계치를 초과 했습니다.,0,SPBD0275_S01,V,26pen,hdpfm,pcua02,2020/07/30 22:00:00,,,,pctmla01,3944,R,,,1,
SPBD0201.sh,01C1.기간계-업무마감,SP1.CMA재투자,SPBD0201_S03이 시작 임계치를 초과 했습니다.,0,SPBD0201_S03,V,26o7h,hdpfm,PCUA,2020/07/30 22:15:00,,,,pctmla01,3945,R,,,0,
SPBD0275.sh,01C1.기간계-업무마감,SP1.CMA재투자,SPBD0275_S02이 시작 임계치를 초과 했습니다.,0,SPBD0275_S02,V,26o7j,hdpfm,PCUA,2020/07/30 22:15:00,,,,pctmla01,3946,R,,,0,
SPBD0271.sh,01C1.기간계-업무마감,SP1.CMA재투자,SPBD0271_S02이 시작 임계치를 초과 했습니다.,0,SPBD0271_S02,V,2a7cf,hdpfm,PCUA,2020/08/10 22:15:00,,,,pctmla01,4069,R,,,0,
SPBD0201.sh,01C1.기간계-업무마감,SP1.CMA재투자,SPBD0201_S03이 시작 임계치를 초과 했습니다.,0,SPBD0201_S03,V,2a7ce,hdpfm,PCUA,2020/08/10 22:15:00,,,,pctmla01,4070,R,,,0,
SPBD0275.sh,01C1.기간계-업무마감,SP1.CMA재투자,SPBD0275_S02이 시작 임계치를 초과 했습니다.,0,SPBD0275_S02,V,2a7cg,hdpfm,PCUA,2020/08/10 22:15:00,,,,pctmla01,4071,R,,,0,
dummy,03F1.EDW-장시작전,CM9.CMP-종료,03F1_CM9_DE이 시작 임계치를 초과 했습니다.,0,03F1_CM9_DE,V,2aeaj,ctmagt9,PELA01,2020/08/11 06:20:00,,,,pctmla01,4079,R,,,0,
 , , ,ONE OR MORE JOBS IN DAILY HDSCTM WERE NOT ORDERED,0,,V,00000,,,2020/07/29 14:06:39,,,,pctmla01,3930,R,,,0,
SPBD0271.sh,01C1.기간계-업무마감,SP1.CMA재투자,SPBD0271_S02이 시작 임계치를 초과 했습니다.,0,SPBD0271_S02,V,26o7i,hdpfm,PCUA,2020/07/30 22:15:00,,,,pctmla01,3947,R,,,0,
 , , ,ONE OR MORE JOBS WILL NOT BE ORDERED DURING UPCOMING SYSTEM DAILY,0,,V,00000,,,2020/07/31 13:00:09,,,,pctmla01,3953,R,,,0,
 , , ,ONE OR MORE JOBS IN DAILY HDSCTM WERE NOT ORDERED,0,,V,00000,,,2020/07/31 14:06:59,,,,pctmla01,3954,R,,,0,
 , , ,ONE OR MORE JOBS IN DAILY HDSCTM WERE NOT ORDERED,0,,V,00000,,,2020/08/12 14:06:49,,,,pctmla01,4094,R,,,0,
SPBD0275.sh,01B1.기간계-시간외,SP1.해외주식주문결제,SPBD0275_S01이 종료 임계치를 초과 했습니다.,0,SPBD0275_S01,V,270yq,hdpfm,pcua01,2020/07/31 22:00:00,,,,pctmla01,3958,R,,,1,
SPBD0271.sh,01C1.기간계-업무마감,SP1.CMA재투자,SPBD0271_S02이 시작 임계치를 초과 했습니다.,0,SPBD0271_S02,V,26zrl,hdpfm,PCUA,2020/07/31 22:15:00,,,,pctmla01,3959,R,,,0,
SPBD0275.sh,01C1.기간계-업무마감,SP1.CMA재투자,SPBD0275_S02이 시작 임계치를 초과 했습니다.,0,SPBD0275_S02,V,26zrm,hdpfm,PCUA,2020/07/31 22:15:00,,,,pctmla01,3960,R,,,0,
SPBD0201.sh,01C1.기간계-업무마감,SP1.CMA재투자,SPBD0201_S03이 시작 임계치를 초과 했습니다.,0,SPBD0201_S03,V,26zrk,hdpfm,PCUA,2020/07/31 22:15:00,,,,pctmla01,3961,R,,,0,
 ,01F1.기간계-장시작전,HP1.인사정보변경,YZBD0001_S01이 종료 임계치를 초과 했습니다.,0,YZBD0001_S01,V,26zzw,hdpfm,PCUA,2020/08/01 06:25:00,,,,pctmla01,3965,R,,,0,
 , , ,ONE OR MORE JOBS WILL NOT BE ORDERED DURING UPCOMING SYSTEM DAILY,0,,V,00000,,,2020/08/01 13:00:09,,,,pctmla01,3966,R,,,0,
 , , ,ONE OR MORE JOBS IN DAILY HDSCTM WERE NOT ORDERED,0,,V,00000,,,2020/08/01 14:05:39,,,,pctmla01,3967,R,,,0,
dummy,03F1.EDW-장시작전,NV2.대시보드,03F1_NV2_DE이 종료 임계치를 초과 했습니다.,0,03F1_NV2_DE,V,27del,ctmagt9,PELA01,2020/08/02 10:00:00,,,,pctmla01,3972,R,,,0,
 , , ,ONE OR MORE JOBS WILL NOT BE ORDERED DURING UPCOMING SYSTEM DAILY,0,,V,00000,,,2020/08/02 13:00:09,,,,pctmla01,3973,R,,,0,
 , , ,ONE OR MORE JOBS IN DAILY HDSCTM WERE NOT ORDERED,0,,V,00000,,,2020/08/02 14:05:39,,,,pctmla01,3974,R,,,0,
 , , ,ONE OR MORE JOBS WILL NOT BE ORDERED DURING UPCOMING SYSTEM DAILY,0,,V,00000,,,2020/08/03 13:00:09,,,,pctmla01,3981,R,,,0,
 , , ,ONE OR MORE JOBS IN DAILY HDSCTM WERE NOT ORDERED,0,,V,00000,,,2020/08/03 14:06:49,,,,pctmla01,3982,R,,,0,
SPBD0275.sh,01B1.기간계-시간외,SP1.해외주식주문결제,SPBD0275_S01이 종료 임계치를 초과 했습니다.,0,SPBD0275_S01,V,27zmj,hdpfm,pcua01,2020/08/03 22:00:13,,,,pctmla01,3983,R,,,1,
SPBD0201.sh,01C1.기간계-업무마감,SP1.CMA재투자,SPBD0201_S03이 시작 임계치를 초과 했습니다.,0,SPBD0201_S03,V,27yfd,hdpfm,PCUA,2020/08/03 22:15:00,,,,pctmla01,3984,R,,,0,
SPBD0271.sh,01C1.기간계-업무마감,SP1.CMA재투자,SPBD0271_S02이 시작 임계치를 초과 했습니다.,0,SPBD0271_S02,V,27yfe,hdpfm,PCUA,2020/08/03 22:15:00,,,,pctmla01,3985,R,,,0,
SPBD0275.sh,01C1.기간계-업무마감,SP1.CMA재투자,SPBD0275_S02이 시작 임계치를 초과 했습니다.,0,SPBD0275_S02,V,27yff,hdpfm,PCUA,2020/08/03 22:15:00,,,,pctmla01,3986,R,,,0,
 , , ,ONE OR MORE JOBS WILL NOT BE ORDERED DURING UPCOMING SYSTEM DAILY,0,,V,00000,,,2020/08/04 13:00:09,,,,pctmla01,3991,R,,,0,
 , , ,ONE OR MORE JOBS IN DAILY HDSCTM WERE NOT ORDERED,0,,V,00000,,,2020/08/04 14:06:39,,,,pctmla01,3992,R,,,0,
 ,01A1.기간계-장마감,SS1.장내채권체결대사,SSBD0003_S01이 종료 임계치를 초과 했습니다.,0,SSBD0003_S01,V,28a00,hdpfm,pcua01,2020/08/04 16:00:01,,,,pctmla01,3993,R,,,1,
SPBD0275.sh,01B1.기간계-시간외,SP1.해외주식주문결제,SPBD0275_S01이 종료 임계치를 초과 했습니다.,0,SPBD0275_S01,V,28b6q,hdpfm,pcua01,2020/08/04 22:00:00,,,,pctmla01,3994,R,,,1,
SPBD0271.sh,01C1.기간계-업무마감,SP1.CMA재투자,SPBD0271_S02이 시작 임계치를 초과 했습니다.,0,SPBD0271_S02,V,289zl,hdpfm,PCUA,2020/08/04 22:15:00,,,,pctmla01,3995,R,,,0,
SPBD0201.sh,01C1.기간계-업무마감,SP1.CMA재투자,SPBD0201_S03이 시작 임계치를 초과 했습니다.,0,SPBD0201_S03,V,289zk,hdpfm,PCUA,2020/08/04 22:15:00,,,,pctmla01,3996,R,,,0,
dummy,02E1.정보계-날짜변경,KA2.ableMap,02E1_KA2_DE이 시작 임계치를 초과 했습니다.,0,02E1_KA2_DE,V,2aea6,ctmagt9,PIUA_01,2020/08/11 06:30:00,,,,pctmla01,4080,R,,,0,
dummy,02E1.정보계-날짜변경,KR2.MOSAIC,02E1_KR2_DE1이 시작 임계치를 초과 했습니다.,0,02E1_KR2_DE1,V,2aea8,ctmagt9,PIUA_01,2020/08/11 07:00:00,,,,pctmla01,4081,R,,,0,
dummy,03F1.EDW-장시작전,SA9.SAS-종료,03F1_SA9_DE이 시작 임계치를 초과 했습니다.,0,03F1_SA9_DE,V,2aeai,ctmagt9,HQIT-SAS001,2020/08/11 07:35:00,,,,pctmla01,4082,R,,,0,
 , , ,ONE OR MORE JOBS WILL NOT BE ORDERED DURING UPCOMING SYSTEM DAILY,0,,V,00000,,,2020/08/11 13:00:09,,,,pctmla01,4083,R,,,0,
 , , ,ONE OR MORE JOBS IN DAILY HDSCTM WERE NOT ORDERED,0,,V,00000,,,2020/08/11 14:07:19,,,,pctmla01,4084,R,,,0,
SPBD0275.sh,01B1.기간계-시간외,SP1.해외주식주문결제,SPBD0275_S01이 종료 임계치를 초과 했습니다.,0,SPBD0275_S01,V,2ak3r,hdpfm,pcua02,2020/08/11 22:00:00,,,,pctmla01,4085,R,,,1,
SPBD0271.sh,01C1.기간계-업무마감,SP1.CMA재투자,SPBD0271_S02이 시작 임계치를 초과 했습니다.,0,SPBD0271_S02,V,2aiwm,hdpfm,PCUA,2020/08/11 22:15:00,,,,pctmla01,4086,R,,,0,
SPBD0201.sh,01C1.기간계-업무마감,SP1.CMA재투자,SPBD0201_S03이 시작 임계치를 초과 했습니다.,0,SPBD0201_S03,V,2aiwl,hdpfm,PCUA,2020/08/11 22:15:00,,,,pctmla01,4087,R,,,0,
SPBD0275.sh,01C1.기간계-업무마감,SP1.CMA재투자,SPBD0275_S02이 시작 임계치를 초과 했습니다.,0,SPBD0275_S02,V,289zm,hdpfm,PCUA,2020/08/04 22:15:00,,,,pctmla01,3997,R,,,0,
 , , ,ONE OR MORE JOBS WILL NOT BE ORDERED DURING UPCOMING SYSTEM DAILY,0,,V,00000,,,2020/08/05 13:00:09,,,,pctmla01,4002,R,,,0,
 , , ,ONE OR MORE JOBS IN DAILY HDSCTM WERE NOT ORDERED,0,,V,00000,,,2020/08/05 14:06:49,,,,pctmla01,4003,R,,,0,
SPBD0275.sh,01B1.기간계-시간외,SP1.해외주식주문결제,SPBD0275_S01이 종료 임계치를 초과 했습니다.,0,SPBD0275_S01,V,28mqx,hdpfm,pcua02,2020/08/05 22:00:00,,,,pctmla01,4004,R,,,1,
SPBD0271.sh,01C1.기간계-업무마감,SP1.CMA재투자,SPBD0271_S02이 시작 임계치를 초과 했습니다.,0,SPBD0271_S02,V,28ljs,hdpfm,PCUA,2020/08/05 22:15:00,,,,pctmla01,4005,R,,,0,
SPBD0201.sh,01C1.기간계-업무마감,SP1.CMA재투자,SPBD0201_S03이 시작 임계치를 초과 했습니다.,0,SPBD0201_S03,V,28ljr,hdpfm,PCUA,2020/08/05 22:15:00,,,,pctmla01,4006,R,,,0,
SPBD0275.sh,01C1.기간계-업무마감,SP1.CMA재투자,SPBD0275_S02이 시작 임계치를 초과 했습니다.,0,SPBD0275_S02,V,28ljt,hdpfm,PCUA,2020/08/05 22:15:00,,,,pctmla01,4007,R,,,0,
 , , ,ONE OR MORE JOBS WILL NOT BE ORDERED DURING UPCOMING SYSTEM DAILY,0,,V,00000,,,2020/08/06 13:00:09,,,,pctmla01,4016,R,,,0,
SPBD0275.sh,01C1.기간계-업무마감,SP1.CMA재투자,SPBD0275_S02이 시작 임계치를 초과 했습니다.,0,SPBD0275_S02,V,2aiwn,hdpfm,PCUA,2020/08/11 22:15:00,,,,pctmla01,4088,R,,,0,
 , , ,ONE OR MORE JOBS WILL NOT BE ORDERED DURING UPCOMING SYSTEM DAILY,0,,V,00000,,,2020/08/12 13:00:09,,,,pctmla01,4093,R,,,0,
